n,Selection,Insertion,Merge,Heap,Quick,Counting
10,0.000002,0.000001,0.000002,0.000002,0.000001,0.000007
15,0.000002,0.000002,0.000003,0.000002,0.000002,0.000003
20,0.000003,0.000002,0.000003,0.000003,0.000002,0.000003
25,0.000002,0.000002,0.000003,0.000002,0.000002,0.000003
30,0.000003,0.000002,0.000003,0.000004,0.000003,0.000004
